t,x,y,speed,lat_err,line0_err,line1_err,steer_angle
6.199999809265137,7.004246234893799,8.278579711914062,0.0037603503397431602,-0.06562499999999999,12.0,,0.0
6.21999979019165,7.004292964935303,8.278571128845215,0.005334076192653702,-0.04921875,9.0,,-7.499992847442627
6.21999979019165,7.004215240478516,8.278453826904297,0.014399574901084537,-0.04921875,9.0,,-7.499992847442627
6.239999771118164,7.00396728515625,8.2781982421875,0.035614751127649315,-0.04921875,9.0,,0.0
6.25,7.003547668457031,8.277802467346191,0.058498269559711095,-0.04921875,9.0,,3.7500858306884766
6.260000228881836,7.002992630004883,8.277225494384766,0.0801063986242615,-0.04921875,9.0,,7.500171661376953
6.269999980926514,7.002283096313477,8.27649974822998,0.1015736059030869,-0.04921875,9.0,,9.866391284018755
6.269999980926514,7.001420974731445,8.275613784790039,0.12368266564322251,-0.04921875,9.0,,9.866391284018755
6.289999961853027,7.000420570373535,8.274563789367676,0.1450309678179373,-0.04921875,9.0,,9.943172460794448
6.300000190734863,6.999255180358887,8.273364067077637,0.1673389136063314,-0.04921875,9.0,,9.981563964486122
6.309999942779541,6.997941017150879,8.272000312805176,0.18941508956379588,-0.04921875,9.0,,10.019953637570143
6.309999942779541,6.996489524841309,8.270462989807129,0.21151829849443432,-0.04921875,9.0,,10.019953637570143
6.329999923706055,6.994903087615967,8.268747329711914,0.23367435819327273,-0.04921875,9.0,,10.096734814345837
6.340000152587891,6.9932146072387695,8.26684284210205,0.25452593087397923,-0.04921875,9.0,,10.13512631803751
6.340000152587891,6.991398811340332,8.264749526977539,0.27721018942975034,-0.04921875,9.0,,10.13512631803751
6.360000133514404,6.989443302154541,8.262491226196289,0.29879491831777205,-0.04921875,9.0,,10.211907494813204
6.360000133514404,6.987342834472656,8.26007080078125,0.32050771690903573,-0.04921875,9.0,,10.211907494813204
6.380000114440918,6.9850945472717285,8.257492065429688,0.34218792906696716,-0.04921875,9.0,,10.288688671588897
6.389999866485596,6.982723712921143,8.254725456237793,0.36439071940279066,-0.04921875,9.0,,10.327078344672918
6.400000095367432,6.980255603790283,8.251764297485352,0.38559855297322126,-0.04921875,9.0,,10.365469848364592
6.409999847412109,6.977680206298828,8.248603820800781,0.40772657573653015,-0.04375,8.0,,6.615562831610442
6.409999847412109,6.974977493286133,8.24526596069336,0.42965445616164444,-0.04375,8.0,,6.615562831610442
6.429999828338623,6.972124099731445,8.241765975952148,0.4516132582386228,-0.04375,8.0,,9.401437687128782
6.429999828338623,6.969139575958252,8.238094329833984,0.47317128946183784,-0.04375,8.0,,9.401437687128782
6.449999809265137,6.966055870056152,8.234221458435059,0.49506434673377864,-0.04375,8.0,,9.46968762204051
6.449999809265137,6.962840557098389,8.230170249938965,0.5172879368714979,-0.038281249999999996,7.0,,9.46968762204051
6.46999979019165,6.959475517272949,8.22595500946045,0.539502796170016,-0.038281249999999996,7.0,,8.463000065088272
6.480000019073486,6.955974102020264,8.221571922302246,0.5609954994192176,-0.038281249999999996,7.0,,8.492860123515127
6.489999771118164,6.952363967895508,8.216998100280762,0.5826949477886627,-0.038281249999999996,7.0,,8.522718758136033
6.489999771118164,6.948633193969727,8.212239265441895,0.6047007780034106,-0.032812499999999994,6.0,,8.522718758136033
6.510000228881836,6.944779396057129,8.207303047180176,0.6262648744393027,-0.032812499999999994,6.0,,7.5075011797249305
6.510000228881836,6.940791606903076,8.202194213867188,0.6480945105028728,-0.032812499999999994,6.0,,7.5075011797249305
6.53000020980835,6.9366888999938965,8.196892738342285,0.6703598979429833,-0.02734375,5.0,,0.00750833228230352
6.539999961853027,6.932514190673828,8.19136905670166,0.6924106611679047,-0.02734375,5.0,,3.757415349036454
6.539999961853027,6.928199768066406,8.185676574707031,0.7143371566580616,-0.02734375,5.0,,3.757415349036454
6.559999942779541,6.923696041107178,8.179845809936523,0.7368715336090426,-0.02734375,5.0,,6.5477349445223805
6.559999942779541,6.919000148773193,8.1738920211792,0.7582831403160813,-0.021875,4.0,,6.5477349445223805
6.579999923706055,6.914154529571533,8.16777515411377,0.7803598910426702,-0.021875,4.0,,5.515453661978245
6.579999923706055,6.909193992614746,8.161470413208008,0.8022350706172561,-0.021875,4.0,,5.515453661978245
6.599999904632568,6.9041428565979,8.15495777130127,0.8241874337153077,-0.016406249999999997,3.0,,-1.9845391854643823
6.599999904632568,6.898980617523193,8.148255348205566,0.8459987449430617,-0.016406249999999997,3.0,,-1.9845391854643823
6.619999885559082,6.893637180328369,8.141414642333984,0.8680315760587587,-0.016406249999999997,3.0,,4.50023486316204
6.630000114440918,6.88812255859375,8.13442611694336,0.8902439604624476,-0.016406249999999997,3.0,,4.513032031059264
6.630000114440918,6.882449150085449,8.127276420593262,0.9127493970103169,-0.0109375,2.0,,4.513032031059264
6.650000095367432,6.876622200012207,8.119972229003906,0.93437191428417,-0.0109375,2.0,,3.463688264787197
6.650000095367432,6.870699882507324,8.112467765808105,0.9560184745561943,-0.0109375,2.0,,3.463688264787197
6.650000095367432,6.864638805389404,8.104792594909668,0.9780036404292554,-0.0109375,2.0,,3.463688264787197
6.670000076293945,6.858508110046387,8.096893310546875,0.999920644874185,-0.00546875,1.0,,-4.03630458265543
6.690000057220459,6.8522629737854,8.0888090133667,1.0215579700221984,-0.00546875,1.0,,2.4143444985151286
6.690000057220459,6.845896244049072,8.080547332763672,1.0430285413005556,-0.00546875,1.0,,2.4143444985151286
6.710000038146973,6.839351177215576,8.072138786315918,1.0655628097249028,-0.00546875,1.0,,2.4228757403790944
6.710000038146973,6.832663536071777,8.063567161560059,1.0871900461769346,-0.0,,,2.4228757403790944
6.730000019073486,6.825836658477783,8.054824829101562,1.1092098406637942,-0.0,,,1.3564694903790946
6.730000019073486,6.818869590759277,8.045914649963379,1.131077891772938,-0.0,,,1.3564694903790946
6.75,6.811768054962158,8.036823272705078,1.1536748957794913,0.00546875,-1.0,,-6.143523357063533
6.75,6.8045735359191895,8.02752685546875,1.1755242185909895,0.00546875,-1.0,,-6.143523357063533
6.769999980926514,6.797283172607422,8.01803207397461,1.197133855116265,0.00546875,-1.0,,0.27300075665116297
6.769999980926514,6.789862155914307,8.008356094360352,1.2194855295354592,0.00546875,-1.0,,0.27300075665116297
6.789999961853027,6.78225564956665,7.99854850769043,1.2412013068504737,0.0109375,-2.0,,-7.226992090791464
6.789999961853027,6.774466514587402,7.988606929779053,1.2629747700092908,0.0109375,-2.0,,-7.226992090791464
6.809999942779541,6.766504764556885,7.978517532348633,1.2852456734235915,0.0109375,-2.0,,-0.8275304608047012
6.820000171661377,6.758354663848877,7.968301296234131,1.3068952875703392,0.0109375,-2.0,,-0.8360619060695174
6.820000171661377,6.750026702880859,7.957942485809326,1.3291545118603216,0.0109375,-2.0,,-0.8360619060695174
6.840000152587891,6.741522789001465,7.947443962097168,1.3510596972024957,0.016406249999999997,-3.0,,-8.336054753512144
6.840000152587891,6.732864856719971,7.9367876052856445,1.3730523289110037,0.016406249999999997,-3.0,,-8.336054753512144
6.860000133514404,6.724034786224365,7.925990104675293,1.3948639854698615,0.016406249999999997,-3.0,,-1.9536556072533129
6.860000133514404,6.7150139808654785,7.915063858032227,1.4169114419920774,0.016406249999999997,-3.0,,-1.9536556072533129
6.880000114440918,6.70576286315918,7.904056072235107,1.437903107105388,0.016406249999999997,-3.0,,-1.9792493328452108
6.880000114440918,6.696242332458496,7.892984867095947,1.4601788873841777,0.016406249999999997,-3.0,,-1.9792493328452108
6.900000095367432,6.686468601226807,7.881838321685791,1.482473566582681,0.016406249999999997,-3.0,,-2.0048430584371086
6.900000095367432,6.676510334014893,7.8705644607543945,1.5042176363976631,0.016406249999999997,-3.0,,-2.0048430584371086
6.920000076293945,6.666433811187744,7.85910701751709,1.5258111468488975,0.016406249999999997,-3.0,,-2.0304367840290065
6.920000076293945,6.656214237213135,7.847477912902832,1.548157008327992,0.016406249999999997,-3.0,,-2.0304367840290065
6.940000057220459,6.645836353302002,7.835696697235107,1.5700239505311249,0.016406249999999997,-3.0,,-2.0560305096209044
6.940000057220459,6.6352972984313965,7.823764801025391,1.5919859011361386,0.016406249999999997,-3.0,,-2.0560305096209044
6.960000038146973,6.624617099761963,7.81165885925293,1.6143754396708312,0.016406249999999997,-3.0,,-2.0816242352128023
6.960000038146973,6.613757610321045,7.799424648284912,1.6358655118791212,0.016406249999999997,-3.0,,-2.0816242352128023
6.980000019073486,6.6027092933654785,7.787060260772705,1.6581473477501034,0.016406249999999997,-3.0,,-2.1072179608047
6.989999771118164,6.5914998054504395,7.774548530578613,1.6798693152641766,0.016406249999999997,-3.0,,-2.1200145184993735
6.989999771118164,6.58013391494751,7.7618794441223145,1.7020290997148642,0.016406249999999997,-3.0,,-2.1200145184993735
7.010000228881836,6.56859016418457,7.749073505401611,1.7241001096555582,0.016406249999999997,-3.0,,-2.1456088542938225
7.010000228881836,6.556893348693848,7.736123561859131,1.7450452404668992,0.016406249999999997,-3.0,,-2.1456088542938225
7.03000020980835,6.545015335083008,7.723028182983398,1.767982348867669,0.016406249999999997,-3.0,,-2.171202579885721
7.03000020980835,6.532944202423096,7.709815979003906,1.7896278688732967,0.016406249999999997,-3.0,,-2.171202579885721
7.050000190734863,6.520672798156738,7.696491718292236,1.8114227608365732,0.016406249999999997,-3.0,,-2.1967963054776183
7.050000190734863,6.508208751678467,7.683045864105225,1.8334266333317166,0.016406249999999997,-3.0,,-2.1967963054776183
7.070000171661377,6.49558687210083,7.669445514678955,1.8554855815904219,0.016406249999999997,-3.0,,-2.2223900310695166
7.079999923706055,6.482804298400879,7.65569543838501,1.8773954168765266,0.016406249999999997,-3.0,,-2.23518658876419
7.079999923706055,6.46981954574585,7.641830921173096,1.8995531916840414,0.016406249999999997,-3.0,,-2.23518658876419
7.099999904632568,6.456651210784912,7.627845287322998,1.920974204808849,0.016406249999999997,-3.0,,-2.260780314356088
7.110000133514404,6.443313121795654,7.613717555999756,1.9429296278923445,0.016406249999999997,-3.0,,-2.2735774822533124
7.110000133514404,6.429771423339844,7.599480152130127,1.9648954198810773,0.016406249999999997,-3.0,,-2.2735774822533124
7.130000114440918,6.416042804718018,7.585113048553467,1.9871875426346528,0.016406249999999997,-3.0,,-2.2991712078452102
7.130000114440918,6.402157306671143,7.57059383392334,2.009021211896357,0.016406249999999997,-3.0,,-2.2991712078452102
7.150000095367432,6.388078212738037,7.555954933166504,2.0310549825041315,0.016406249999999997,-3.0,,-2.324764933437108
7.159999847412109,6.373769283294678,7.541238307952881,2.052621013520519,0.016406249999999997,-3.0,,-2.3375614911317815
7.159999847412109,6.359251499176025,7.526419162750244,2.074571786151808,0.016406249999999997,-3.0,,-2.3375614911317815
7.179999828338623,6.344541072845459,7.511488437652588,2.09600932832262,0.0109375,-2.0,,5.1624313563108455
7.190000057220459,6.329646587371826,7.49642276763916,2.1185375561874067,0.0109375,-2.0,,1.412345525622369
7.190000057220459,6.314580917358398,7.481225490570068,2.139933876257507,0.0109375,-2.0,,1.412345525622369
7.210000038146973,6.29936408996582,7.4658684730529785,2.1619201404437933,0.0109375,-2.0,,-1.3138116538524625
7.210000038146973,6.283994197845459,7.450348377227783,2.184277883035382,0.0109375,-2.0,,-1.3138116538524625
7.230000019073486,6.268458366394043,7.434689521789551,2.2058160118256147,0.0109375,-2.0,,-1.3308741375803945
7.239999771118164,6.252758979797363,7.418878078460693,2.2282117275886764,0.0109375,-2.0,,-1.3394051760435102
7.239999771118164,6.2368903160095215,7.402927398681641,2.25000615975554,0.0109375,-2.0,,-1.3394051760435102
7.260000228881836,6.220829963684082,7.386857509613037,2.271960193031235,0.0109375,-2.0,,-1.3564680665731428
7.260000228881836,6.204581260681152,7.370665550231934,2.2939048249938727,0.0109375,-2.0,,-1.3564680665731428
7.28000020980835,6.18817138671875,7.35432243347168,2.3159935735263035,0.0109375,-2.0,,-1.3735305503010746
7.289999961853027,6.171601295471191,7.337833881378174,2.337610368526362,0.0109375,-2.0,,-1.3820615887641905
7.289999961853027,6.154831409454346,7.321230888366699,2.3598657600814223,0.0109375,-2.0,,-1.3820615887641905
7.309999942779541,6.137890338897705,7.304490089416504,2.3817163451368977,0.00546875,-1.0,,6.1179312586784365
7.309999942779541,6.120780944824219,7.287599563598633,2.40423255949459,0.00546875,-1.0,,6.1179312586784365
7.329999923706055,6.103423595428467,7.2706732749938965,2.4244147785613652,0.00546875,-1.0,,-0.33271782249212245
7.329999923706055,6.085790634155273,7.253716945648193,2.446300251631155,0.00546875,-1.0,,-0.33271782249212245
7.349999904632568,6.067990303039551,7.236632823944092,2.4672237509471286,0.00546875,-1.0,,-0.3412490643560885
7.349999904632568,6.049989223480225,7.219436168670654,2.4895059364959096,0.00546875,-1.0,,-0.3412490643560885
7.369999885559082,6.031844139099121,7.202069282531738,2.511678545444003,-0.0,,,7.158743783086538
7.380000114440918,6.013601303100586,7.184487342834473,2.5336412065893597,-0.0,,,3.4086579523980616
7.389999866485596,5.995323657989502,7.166634559631348,2.5550658594899036,-0.0,,,0.7251571856439115
7.389999866485596,5.977100849151611,7.14840841293335,2.5773344049949216,-0.0,,,0.7251571856439115
7.409999847412109,5.958917140960693,7.129842758178711,2.598713642578398,0.00546875,-1.0,,-6.774835661798716
7.420000076293945,5.940578460693359,7.111135959625244,2.619662724333489,0.00546875,-1.0,,-3.024749831110239
7.429999828338623,5.921955108642578,7.092381000518799,2.64307203631561,0.00546875,-1.0,,-0.35831154808402055
7.429999828338623,5.903021335601807,7.073616981506348,2.6656662686706007,0.00546875,-1.0,,-0.35831154808402055
7.449999809265137,5.883796691894531,7.054835796356201,2.687601489366697,0.00546875,-1.0,,-0.36684278994798647
7.460000038146973,5.864341735839844,7.035985946655273,2.7088989344615846,0.00546875,-1.0,,-0.3711085125803947
7.460000038146973,5.844719886779785,7.016996383666992,2.7306052181544493,-0.0,,,-0.3711085125803947
7.480000019073486,5.824914455413818,6.99788761138916,2.7520948606969697,-0.0,,,0.6952977374196053
7.489999771118164,5.804952144622803,6.978634834289551,2.7733901566747443,-0.0,,,0.6952977374196053
7.5,5.784851551055908,6.959205627441406,2.7955822526034915,-0.0,,,0.6952977374196053
7.5,5.764639854431152,6.939567565917969,2.818095937219906,-0.0,,,0.6952977374196053
7.519999980926514,5.744287490844727,6.919770240783691,2.839283060952973,-0.0,,,0.6952977374196053
7.53000020980835,5.723809719085693,6.89979887008667,2.8604104316479115,-0.0,,,0.6952977374196053
7.539999961853027,5.703185081481934,6.879649639129639,2.8833506302698866,-0.0,,,0.6952977374196053
7.539999961853027,5.682446002960205,6.8593010902404785,2.9054846377009875,-0.0,,,0.6952977374196053
7.559999942779541,5.661605358123779,6.83875036239624,2.9269061704817214,-0.0,,,0.6952977374196053
7.570000171661377,5.640621662139893,6.818050861358643,2.947532723031404,-0.0,,,0.6952977374196053
7.579999923706055,5.6195268630981445,6.797146320343018,2.9698490940627553,-0.0,,,0.6952977374196053
7.590000152587891,5.598321914672852,6.776037693023682,2.992061766478889,-0.0,,,0.6952977374196053
7.590000152587891,5.577007293701172,6.754719257354736,3.0146195746641116,-0.0,,,0.6952977374196053
7.610000133514404,5.555556297302246,6.733243465423584,3.0354056052419343,-0.0,,,0.6952977374196053
7.610000133514404,5.533956527709961,6.711601257324219,3.0576883458641504,-0.0,,,0.6952977374196053
7.630000114440918,5.512205600738525,6.689794063568115,3.080029288860629,-0.0,,,0.6952977374196053
7.639999866485596,5.490318298339844,6.667825698852539,3.1010740624339426,-0.0,,,0.6952977374196053
7.639999866485596,5.468315601348877,6.645674705505371,3.1221682530301624,-0.0,,,0.6952977374196053
7.659999847412109,5.446192741394043,6.6233344078063965,3.1440622862302936,-0.0,,,0.6952977374196053
7.670000076293945,5.42396354675293,6.6007981300354,3.165471453361305,-0.0,,,0.6952977374196053
7.670000076293945,5.401615619659424,6.5780744552612305,3.1871565973987637,-0.0,,,0.6952977374196053
7.690000057220459,5.379175662994385,6.5551347732543945,3.2090197502546514,-0.0,,,0.6952977374196053
7.690000057220459,5.356612205505371,6.532003879547119,3.231328333134592,-0.0,,,0.6952977374196053
7.710000038146973,5.333870887756348,6.508739471435547,3.253306725115109,-0.0,,,0.6952977374196053
7.710000038146973,5.3109917640686035,6.485301971435547,3.2753203410165184,-0.0,,,0.6952977374196053
7.730000019073486,5.288012504577637,6.461639404296875,3.2984312920923893,-0.0,,,0.6952977374196053
7.730000019073486,5.264949798583984,6.437779426574707,3.3184187325853,-0.00546875,1.0,,0.6952977374196053
7.75,5.241780757904053,6.413708209991455,3.3410003429182216,-0.0109375,2.0,,8.195290584862231
7.75,5.218498706817627,6.389461040496826,3.3615164250665557,-0.016406249999999997,3.0,,8.195290584862231
7.769999980926514,5.1951727867126465,6.364943504333496,3.3841002601981724,-0.021875,4.0,,15.695283432304858
7.78000020980835,5.171938896179199,6.340153217315674,3.3976317171357855,-0.02734375,5.0,,19.445369262993335
7.789999961853027,5.149070739746094,6.3148040771484375,3.4139899000639145,-0.032812499999999994,6.0,,23.195276279747485
7.800000190734863,5.126812934875488,6.288763046264648,3.4257068649470184,-0.038281249999999996,7.0,,26.945362110435962
7.800000190734863,5.105474948883057,6.2620134353637695,3.421827241065936,-0.038281249999999996,7.0,,26.945362110435962
7.820000171661377,5.08501672744751,6.234646320343018,3.4169297884443757,-0.04375,8.0,,30.750912250597803
7.820000171661377,5.0652971267700195,6.206676483154297,3.422259926908298,-0.04375,8.0,,30.750912250597803
7.840000152587891,5.046332836151123,6.178033351898193,3.435228640100804,-0.04921875,9.0,,31.8940996773735
7.849999904632568,5.028348922729492,6.14886474609375,3.4267038715279714,-0.04921875,9.0,,28.14419266061935
7.860000133514404,5.011166095733643,6.11916446685791,3.431262729336083,-0.04921875,9.0,,24.394106829930873
7.869999885559082,4.994899749755859,6.08901834487915,3.4254784251215966,-0.0546875,10.0,,28.144013846685024
7.869999885559082,4.979572772979736,6.058454513549805,3.419193573132984,-0.0546875,10.0,,28.144013846685024
7.889999866485596,4.965081214904785,6.027561664581299,3.4123040068872164,-0.07656249999999999,14.0,,35.644006694127654
7.900000095367432,4.951354503631592,5.996339321136475,3.410673205989924,-0.04921875,9.0,,31.893920863439178
7.900000095367432,4.938455581665039,5.9648542404174805,3.402488054312649,0.00546875,-1.0,,31.893920863439178
7.920000076293945,4.9263763427734375,5.933189392089844,3.389057255600122,0.04921875,-9.0,,24.39392801599655
7.929999828338623,4.915204048156738,5.901295185089111,3.379439241985002,-0.07109375,13.0,,28.1438350327507
7.929999828338623,4.904876708984375,5.869330883026123,3.359130708322569,-0.07656249999999999,14.0,,28.1438350327507
7.949999809265137,4.895336627960205,5.83720064163208,3.351664920309525,-0.07656249999999999,14.0,,20.643842185308074
7.949999809265137,4.886700630187988,5.8050150871276855,3.332416136408345,-0.08203125,15.0,,20.643842185308074
7.96999979019165,4.878992557525635,5.772757530212402,3.316598421809457,-0.08203125,15.0,,17.46773368343711
7.980000019073486,4.872023582458496,5.740392684936523,3.310666837204237,-0.08203125,15.0,,17.531719522923233
7.989999771118164,4.865889072418213,5.707993984222412,3.2974367479693725,-0.08203125,15.0,,17.5957023113966
7.989999771118164,4.860647678375244,5.6755757331848145,3.283941439785617,-0.08203125,15.0,,17.5957023113966
8.010000228881836,4.856224060058594,5.643144607543945,3.2731480191672246,-0.08203125,15.0,,17.723673990368844
8.010000228881836,4.852615833282471,5.610666275024414,3.267820401948903,-0.08203125,15.0,,17.723673990368844
8.029999732971191,4.849815845489502,5.5782318115234375,3.2555164975839195,-0.07656249999999999,14.0,,10.223859956860544
8.029999732971191,4.847779273986816,5.5457763671875,3.251927971248375,-0.07656249999999999,14.0,,10.223859956860544
8.050000190734863,4.846560001373291,5.513260364532471,3.2538893323621734,-0.07109375,13.0,,2.7236882954835906
8.0600004196167,4.846292972564697,5.480782508850098,3.2478953455511053,-0.06562499999999999,12.0,,-1.026397535204886
8.0600004196167,4.846877574920654,5.448253631591797,3.2534238585154474,-0.060156249999999994,11.0,,-1.026397535204886
8.079999923706055,4.8482513427734375,5.415680408477783,3.260229151352228,-0.0546875,10.0,,-8.526211568713187
8.09000015258789,4.850162029266357,5.382881164550781,3.285486236802594,-0.04921875,9.0,,-12.276297399401663
8.09000015258789,4.852290153503418,5.349886417388916,3.3063315134856275,-0.04375,8.0,,-12.276297399401663
8.109999656677246,4.854368686676025,5.316669940948486,3.3281642383899173,-0.04375,8.0,,-4.7764833658933625
8.109999656677246,4.856033802032471,5.283253192901611,3.345844754742163,-0.04375,8.0,,-4.7764833658933625
8.130000114440918,4.857192516326904,5.249643325805664,3.3631003711484424,-0.04375,8.0,,2.7236882954835906
8.140000343322754,4.8578338623046875,5.215828895568848,3.3821668754570413,-0.04375,8.0,,6.473774126172067
8.149999618530273,4.858147144317627,5.1817731857299805,3.4057415467907415,-0.04921875,9.0,,10.223502328991891
8.15999984741211,4.858578681945801,5.147543907165527,3.423203023158215,-0.04921875,9.0,,11.977875374257565
8.170000076293945,4.8593926429748535,5.113205909729004,3.4347648235543224,-0.04921875,9.0,,12.016266877949239
8.170000076293945,4.860805511474609,5.078841209411621,3.4393921986875435,-0.04921875,9.0,,12.016266877949239
8.1899995803833,4.8629350662231445,5.044543266296387,3.436400780559908,-0.04375,8.0,,4.516452844440938
8.1899995803833,4.86567497253418,5.010327339172363,3.4325464723614796,-0.0,,,4.516452844440938
8.210000038146973,4.869186878204346,4.976210117340088,3.4297536542303337,-0.038281249999999996,7.0,,12.01662450581789
8.220000267028809,4.873429298400879,4.942214012145996,3.4259796160298586,-0.032812499999999994,6.0,,8.266538675129414
8.220000267028809,4.878403186798096,4.908326148986816,3.4251082586432733,-0.021875,4.0,,8.266538675129414
8.220000267028809,4.884166240692139,4.874575614929199,3.423920109693882,-0.016406249999999997,3.0,,8.266538675129414
8.239999771118164,4.890641689300537,4.841000080108643,3.419428967831736,-0.0109375,2.0,,0.7667246416211135
8.260000228881836,4.8978471755981445,4.807595729827881,3.417305235811618,-0.0,,,-6.73344701975584
8.270000457763672,4.905761241912842,4.774319171905518,3.4204995589757505,0.0109375,-2.0,,-10.483532850444316
8.279999732971191,4.913741111755371,4.740910530090332,3.434862808258681,0.016406249999999997,-3.0,,-14.23326105326414
8.289999961853027,4.921346664428711,4.707250118255615,3.450909601750902,0.021875,-4.0,,-17.983346883952617
8.300000190734863,4.928355693817139,4.673359394073486,3.4608340626294196,0.02734375,-5.0,,-21.733432714641093
8.300000190734863,4.934703826904297,4.6393585205078125,3.4588416252957974,0.02734375,-5.0,,-21.733432714641093
8.319999694824219,4.940408706665039,4.605227470397949,3.460484153207515,0.02734375,-5.0,,-14.233618681132793
8.329999923706055,4.9454145431518555,4.571000576019287,3.4591082157553856,0.02734375,-5.0,,-10.483532850444316
8.329999923706055,4.949786186218262,4.536710262298584,3.45690555635959,0.02734375,-5.0,,-10.483532850444316
8.350000381469727,4.95326566696167,4.502436637878418,3.4449797977532826,0.021875,-4.0,,-2.983361189067363
8.350000381469727,4.955968379974365,4.468166351318359,3.437671795656566,0.021875,-4.0,,-2.983361189067363
8.369999885559082,4.957905292510986,4.433891773223877,3.43293169553176,0.016406249999999997,-3.0,,4.516452844440938
8.369999885559082,4.959078311920166,4.399580478668213,3.4331350469358104,0.0109375,-2.0,,4.516452844440938
8.380000114440918,4.959599494934082,4.365262508392334,3.432201058865516,0.00546875,-1.0,,8.266538675129414
8.399999618530273,4.959883689880371,4.330967903137207,3.4296115730910466,-0.0,,,15.766352708637715
8.40999984741211,4.960343837738037,4.296578884124756,3.439235244827295,-0.00546875,1.0,,19.51643853932619
8.420000076293945,4.961248874664307,4.262050151824951,3.454116279997352,-0.00546875,1.0,,15.766352708637715
8.420000076293945,4.962798118591309,4.22747802734375,3.460695128112364,-0.00546875,1.0,,15.766352708637715
8.4399995803833,4.965114116668701,4.192975044250488,3.458065594387739,-0.0,,,8.266538675129414
8.449999809265137,4.968212127685547,4.1585822105407715,3.453218884443752,-0.0,,,4.516452844440938
8.449999809265137,4.972029209136963,4.124312877655029,3.448129007184515,0.00546875,-1.0,,4.516452844440938
8.470000267028809,4.976681232452393,4.090192794799805,3.4436002294850594,0.0109375,-2.0,,-2.9837188169360154
8.479999542236328,4.982114315032959,4.056222915649414,3.4401777086704137,0.021875,-4.0,,-6.73344701975584
8.489999771118164,4.987947940826416,4.02230167388916,3.441926765895641,0.02734375,-5.0,,-10.483532850444316
8.489999771118164,4.9937639236450195,3.988252878189087,3.454204408859234,-0.0,,,-10.483532850444316
8.510000228881836,4.999344825744629,3.9540603160858154,3.464502561968315,0.04375,-8.0,,-17.98370451182127
8.520000457763672,5.004518508911133,3.9196743965148926,3.477296215768296,0.04921875,-9.0,,-21.733790342509746
8.520000457763672,5.009117603302002,3.8851935863494873,3.478641632030638,0.060156249999999994,-11.0,,-21.733790342509746
8.539999961853027,5.013060092926025,3.850583791732788,3.4834015586101184,0.06562499999999999,-12.0,,-29.233604376018047
8.550000190734863,5.016298294067383,3.815927267074585,3.4807613017527483,0.07109375,-13.0,,-32.98369020670653
8.550000190734863,5.018712043762207,3.7813074588775635,3.470397193837054,0.07656249999999999,-14.0,,-32.98369020670653
8.569999694824219,5.020202159881592,3.746739149093628,3.46010653528516,0.08203125,-15.0,,-35.362556281388066
8.569999694824219,5.020902156829834,3.7123336791992188,3.441291633995314,0.0875,-16.0,,-35.362556281388066
8.59000015258789,5.0207648277282715,3.678248882293701,3.4085179676063837,0.0875,-16.0,,-27.862384620011113
8.59000015258789,5.019810199737549,3.644542694091797,3.371988207856052,0.09296874999999999,-17.0,,-27.862384620011113
8.609999656677246,5.017960548400879,3.6112852096557617,3.3309025081468793,0.0984375,-18.0,,-35.362198653519414
8.619999885559082,5.015283584594727,3.578418254852295,3.2975792254330725,0.0984375,-18.0,,-31.612112822830937
8.619999885559082,5.011531829833984,3.546041488647461,3.259354241173856,0.0984375,-18.0,,-31.612112822830937
8.640000343322754,5.006818771362305,3.514153480529785,3.2234926524853402,0.0984375,-18.0,,-24.111941161453984
8.649999618530273,5.001255989074707,3.4828128814697266,3.18304549960474,0.0984375,-18.0,,-20.36221295863416
8.649999618530273,4.994538307189941,3.4521450996398926,3.1395429678953066,0.0984375,-18.0,,-20.36221295863416
8.670000076293945,4.986923694610596,3.421983003616333,3.1108755214716104,0.0984375,-18.0,,-17.983873714506625
8.680000305175781,4.978308200836182,3.3923146724700928,3.0894238357304373,0.09296874999999999,-17.0,,-14.233787883818149
8.680000305175781,4.9687323570251465,3.3631200790405273,3.072516040004328,0.09296874999999999,-17.0,,-14.233787883818149
8.699999809265137,4.958242416381836,3.334322929382324,3.0648247010334897,0.0875,-16.0,,-6.733973850309848
8.710000038146973,4.94696044921875,3.305887460708618,3.0592114021421817,0.0875,-16.0,,-10.484059680998325
8.720000267028809,4.934789657592773,3.277853488922119,3.0563182412398167,0.0875,-16.0,,-14.234145511686801
8.729999542236328,4.921484470367432,3.250495433807373,3.0421919795221823,0.0875,-16.0,,-16.264823292195796
8.729999542236328,4.907175540924072,3.2236361503601074,3.043300528052885,0.0875,-16.0,,-16.264823292195796
8.75,4.891804218292236,3.197359800338745,3.0442210343467466,0.0875,-16.0,,-16.40132641643286
8.760000228881836,4.875510215759277,3.171628475189209,3.0456454376307494,0.0875,-16.0,,-16.46957797855139
8.760000228881836,4.858330726623535,3.1463425159454346,3.0570181088652335,0.0875,-16.0,,-16.46957797855139
8.779999732971191,4.840196132659912,3.1216866970062256,3.0606746302949395,0.0875,-16.0,,-16.60607459396124
8.779999732971191,4.821156978607178,3.097625255584717,3.068311041488181,0.08203125,-15.0,,-16.60607459396124
8.800000190734863,4.801092147827148,3.074312925338745,3.0758824515134644,0.08203125,-15.0,,-15.667640022933483
8.800000190734863,4.780148983001709,3.051623582839966,3.087785237781606,0.07656249999999999,-14.0,,-15.667640022933483
8.819999694824219,4.758470058441162,3.0294158458709717,3.1034823456450478,0.07656249999999999,-14.0,,-14.720668311417102
8.819999694824219,4.735844612121582,3.0079753398895264,3.117096511550715,0.07656249999999999,-14.0,,-14.720668311417102
8.84000015258789,4.712408542633057,2.9871580600738525,3.134681284165222,0.07109375,-13.0,,-7.220496650040149
8.850000381469727,4.688217639923096,2.9669063091278076,3.1548901595749355,0.07109375,-13.0,,-10.970582480728625
8.850000381469727,4.663317680358887,2.947255849838257,3.1720104126982847,0.06562499999999999,-12.0,,-10.970582480728625
8.869999885559082,4.637632369995117,2.9283673763275146,3.188286581955964,0.06562499999999999,-12.0,,-12.856591455638407
8.869999885559082,4.611279487609863,2.9102184772491455,3.1997819306041526,0.060156249999999994,-11.0,,-12.856591455638407
8.890000343322754,4.584378719329834,2.8927814960479736,3.205775568378318,0.060156249999999994,-11.0,,-11.884031103551386
8.899999618530273,4.5568976402282715,2.875901937484741,3.225114561120358,0.060156249999999994,-11.0,,-11.93094957768917
8.899999618530273,4.528897762298584,2.8597793579101562,3.230996659679015,0.060156249999999994,-11.0,,-11.93094957768917
8.920000076293945,4.500418186187744,2.8443291187286377,3.2400591470736106,0.0546875,-10.0,,-4.430777916312216
8.930000305175781,4.47147274017334,2.829786777496338,3.2393320805371695,0.0546875,-10.0,,-8.180863747000693
8.930000305175781,4.442079067230225,2.815999984741211,3.246635354688649,0.0546875,-10.0,,-8.180863747000693
8.930000305175781,4.412327766418457,2.8027188777923584,3.258129043155512,0.0546875,-10.0,,-8.180863747000693
8.949999809265137,4.382194519042969,2.789973020553589,3.271819102373849,0.04921875,-9.0,,-0.6810497134923921
8.970000267028809,4.351706504821777,2.77779221534729,3.2831254416454145,0.04921875,-9.0,,-8.181221374869345
8.970000267028809,4.3208909034729,2.765831232070923,3.3055518365138927,0.04921875,-9.0,,-8.181221374869345
8.989999771118164,4.28977108001709,2.75398588180542,3.3297984168923302,0.04921875,-9.0,,-10.156450456380844
9.0,4.2584381103515625,2.7423672676086426,3.341776927897828,0.04921875,-9.0,,-10.194841960072518
9.0,4.226772308349609,2.731170177459717,3.358716806943449,0.04921875,-9.0,,-10.194841960072518
9.020000457763672,4.1947455406188965,2.7204768657684326,3.376488597561166,0.04375,-8.0,,-2.6946702986955646
9.029999732971191,4.162441253662109,2.710352897644043,3.385360650414929,0.04375,-8.0,,-6.444398501515389
9.039999961853027,4.129879474639893,2.700815200805664,3.392991529315844,0.038281249999999996,-7.0,,-2.6943126708269123
9.039999961853027,4.097200870513916,2.6917905807495117,3.390184582390918,0.038281249999999996,-7.0,,-2.6943126708269123
9.0600004196167,4.064331531524658,2.683286428451538,3.395164284568867,0.032812499999999994,-6.0,,4.805858990550041
9.0600004196167,4.031340599060059,2.675337553024292,3.3935030587179384,0.038281249999999996,-7.0,,4.805858990550041
9.079999923706055,3.9982292652130127,2.667760133743286,3.3967313694241223,0.016406249999999997,-3.0,,12.305673024058342
9.079999923706055,3.9649972915649414,2.660297393798828,3.4059609663640362,0.02734375,-5.0,,12.305673024058342
9.100000381469727,3.9315927028656006,2.6526641845703125,3.426580721264169,0.021875,-4.0,,16.221684423831103
9.100000381469727,3.898033857345581,2.6446783542633057,3.4496693661652373,0.021875,-4.0,,16.221684423831103
9.119999885559082,3.8644003868103027,2.6362879276275635,3.4666347357509797,0.02734375,-5.0,,8.721870390322803
9.119999885559082,3.8309218883514404,2.627289295196533,3.4668030868714346,0.02734375,-5.0,,8.721870390322803
9.140000343322754,3.7977712154388428,2.6173810958862305,3.4600310373076946,0.032812499999999994,-6.0,,1.2216987289458494
9.140000343322754,3.7649292945861816,2.6066036224365234,3.45651934743285,0.038281249999999996,-7.0,,1.2216987289458494
9.15999984741211,3.7322921752929688,2.5951766967773438,3.457989048737147,0.04921875,-9.0,,-6.278115304562451
9.170000076293945,3.6997742652893066,2.583446979522705,3.456878921999955,0.0546875,-10.0,,-10.028201135250928
9.180000305175781,3.667235851287842,2.5716710090637207,3.4603784768911234,0.060156249999999994,-11.0,,-13.778286965939404
9.180000305175781,3.6344711780548096,2.560079336166382,3.4754724636650782,0.06562499999999999,-12.0,,-13.778286965939404
9.199999809265137,3.6014487743377686,2.5489048957824707,3.4862051896072046,0.06562499999999999,-12.0,,-13.99977827221155
9.199999809265137,3.568281888961792,2.538309097290039,3.4818614644444517,0.06562499999999999,-12.0,,-13.99977827221155
9.220000267028809,3.534933090209961,2.528355360031128,3.480262342270765,0.06562499999999999,-12.0,,-14.102155615389345
9.229999542236328,3.5014052391052246,2.5189876556396484,3.481194127964388,0.06562499999999999,-12.0,,-14.153339405357835
9.229999542236328,3.4677178859710693,2.510363817214966,3.4773687120945698,0.06562499999999999,-12.0,,-14.153339405357835
9.25,3.4338812828063965,2.502448081970215,3.475017907627916,0.060156249999999994,-11.0,,-6.653167743980882
9.25,3.399965763092041,2.495295286178589,3.466158355177562,0.0546875,-10.0,,-6.653167743980882
9.270000457763672,3.365905523300171,2.4889938831329346,3.4638278230508024,0.04921875,-9.0,,0.8470039173960711
9.279999732971191,3.3317463397979736,2.4835119247436523,3.459628597440878,0.04375,-8.0,,4.596732120215895
9.289999961853027,3.297489643096924,2.4786665439605713,3.4597673128729594,0.038281249999999996,-7.0,,8.346817950904372
9.300000190734863,3.263171911239624,2.474161148071289,3.4612249507168436,0.032812499999999994,-6.0,,12.096903781592848
9.300000190734863,3.2288010120391846,2.4695122241973877,3.468392587232539,0.02734375,-5.0,,12.096903781592848
9.3100004196167,3.194422721862793,2.4644625186920166,3.4747254803759655,0.021875,-4.0,,15.846989612281325
9.329999923706055,3.1600112915039062,2.4588778018951416,3.486185357305303,0.021875,-4.0,,8.347175578773024
9.329999923706055,3.1257033348083496,2.452772617340088,3.484755806844493,0.021875,-4.0,,8.347175578773024
9.329999923706055,3.0916616916656494,2.4458305835723877,3.474227067602133,0.02734375,-5.0,,8.347175578773024
9.350000381469727,3.057857036590576,2.4380946159362793,3.4678530194209856,0.032812499999999994,-6.0,,0.8470039173960711
9.369999885559082,3.024277925491333,2.429624080657959,3.463102817219677,0.016406249999999997,-3.0,,8.346817950904372
9.380000114440918,2.9909169673919678,2.420440435409546,3.4602022686200478,0.038281249999999996,-7.0,,4.596732120215895
9.390000343322754,2.957726240158081,2.410658597946167,3.4602653517772732,0.04375,-8.0,,0.8466462895274187
9.390000343322754,2.924684762954712,2.400258779525757,3.4639710677515745,0.04921875,-9.0,,0.8466462895274187
9.40999984741211,2.8918213844299316,2.389418840408325,3.4605176111853626,0.060156249999999994,-11.0,,-6.653167743980882
9.420000076293945,2.8590192794799805,2.3783349990844727,3.462447061636412,0.06562499999999999,-12.0,,-10.403253574669359
9.420000076293945,2.826261520385742,2.3671317100524902,3.462089523919307,0.07109375,-13.0,,-10.403253574669359
9.420000076293945,2.7934679985046387,2.3559865951538086,3.4635855304006027,0.07109375,-13.0,,-10.403253574669359
9.449999809265137,2.760427951812744,2.345137357711792,3.4775909627397303,0.07656249999999999,-14.0,,-21.653153438866134
9.460000038146973,2.7271177768707275,2.3347907066345215,3.4880255323905787,0.07656249999999999,-14.0,,-17.903067608177658
9.460000038146973,2.6936769485473633,2.3250622749328613,3.4827382632042014,0.07656249999999999,-14.0,,-17.903067608177658
9.479999542236328,2.6600353717803955,2.316042184829712,3.482984621387708,0.07656249999999999,-14.0,,-17.24165180772543
9.489999771118164,2.6263113021850586,2.3076345920562744,3.4756372969240945,0.07656249999999999,-14.0,,-17.30137192457914
9.489999771118164,2.5924370288848877,2.2999916076660156,3.4725806694525665,0.07109375,-13.0,,-17.30137192457914
9.510000228881836,2.558490514755249,2.2931106090545654,3.4636894376254275,0.06562499999999999,-12.0,,-9.801200263202187
9.520000457763672,2.5244433879852295,2.287029266357422,3.4586036084921634,0.0546875,-10.0,,-6.05111443251371
9.529999732971191,2.4903457164764404,2.2817726135253906,3.4500509700761133,0.04375,-8.0,,-2.301386229693886
9.529999732971191,2.4561448097229004,2.2772860527038574,3.4493963541141404,0.032812499999999994,-6.0,,-2.301386229693886
9.550000190734863,2.421921968460083,2.2736196517944336,3.4418805859968544,0.021875,-4.0,,5.198785431683067
9.5600004196167,2.387631416320801,2.2705564498901367,3.442753943519888,0.00546875,-1.0,,8.948871262371544
9.569999694824219,2.353304862976074,2.267730951309204,3.4442691271241244,-0.0109375,2.0,,12.698599465191368
9.569999694824219,2.318878173828125,2.2647910118103027,3.4552036310903884,-0.021875,4.0,,12.698599465191368
9.59000015258789,2.2843451499938965,2.2615251541137695,3.4687285887813717,-0.038281249999999996,7.0,,20.19877112656832
9.59000015258789,2.2497684955596924,2.2576475143432617,3.479359115941919,-0.0546875,10.0,,20.19877112656832
9.609999656677246,2.2152867317199707,2.253108501434326,3.4779507604247484,-0.06562499999999999,12.0,,27.69858516007662
9.609999656677246,2.1809756755828857,2.2478232383728027,3.4715844582921633,-0.08203125,15.0,,27.69858516007662
9.630000114440918,2.1468653678894043,2.2417311668395996,3.465006460393375,-0.09296874999999999,17.0,,35.19875682145357
9.630000114440918,2.113117218017578,2.234797477722168,3.4453067411676086,-0.10390624999999999,19.0,,35.19875682145357
9.649999618530273,2.079763889312744,2.2270781993865967,3.4234952014617397,-0.11484375,21.0,,42.69857085496187
9.65999984741211,2.046964645385742,2.218470335006714,3.3909965075032296,-0.12578124999999998,23.0,,46.44865668565035
9.65999984741211,2.0147993564605713,2.208885431289673,3.3563105150048242,-0.13671875,25.0,,46.44865668565035
9.680000305175781,1.9832502603530884,2.198320150375366,3.3271252125343826,-0.1421875,26.0,,47.27970510944424
9.6899995803833,1.9524669647216797,2.1867024898529053,3.2902943434693364,-0.14765625,27.0,,50
9.699999809265137,1.9222677946090698,2.17419695854187,3.2686073892079412,-0.15312499999999998,28.0,,50
9.699999809265137,1.8927738666534424,2.1606643199920654,3.2450531498971302,-0.15859374999999998,29.0,,50.0
9.720000267028809,1.8640472888946533,2.146061658859253,3.2225737483063086,-0.1640625,30.0,,50
9.729999542236328,1.8361260890960693,2.1304426193237305,3.199414406175654,-0.1640625,30.0,,46.250271797180176
9.729999542236328,1.80889892578125,2.113940715789795,3.1838220073470684,-0.1640625,30.0,,46.250271797180176
9.75,1.7824329137802124,2.0964736938476562,3.1711153215890726,-0.1640625,30.0,,38.75010013580322
9.760000228881836,1.7567294836044312,2.078216075897217,3.152806794098718,-0.1640625,30.0,,35.000014305114746
9.760000228881836,1.7318333387374878,2.0591635704040527,3.1350026967241607,-0.15859374999999998,29.0,,35.000014305114746
9.779999732971191,1.7077717781066895,2.039257049560547,3.122867699974946,-0.15859374999999998,29.0,,30.40110875666141
9.779999732971191,1.6846274137496948,2.0185189247131348,3.1076384634659244,-0.15859374999999998,29.0,,30.40110875666141
9.800000190734863,1.6624735593795776,1.9969879388809204,3.0893340389007515,-0.15859374999999998,29.0,,30.648520669341085
9.8100004196167,1.6411999464035034,1.974671483039856,3.0831753132063358,-0.15859374999999998,29.0,,30.772226625680922
9.8100004196167,1.6208049058914185,1.9516613483428955,3.0747766031105734,-0.1640625,30.0,,30.772226625680922
9.829999923706055,1.601312279701233,1.9279080629348755,3.0727586942162373,-0.1640625,30.0,,32.09456402957439
9.829999923706055,1.582876443862915,1.903346300125122,3.0710941668785905,-0.1640625,30.0,,32.09456402957439
9.850000381469727,1.5653282403945923,1.8782180547714233,3.0649199960548787,-0.16953125,31.0,,39.594735690951346
9.850000381469727,1.54871666431427,1.8524748086929321,3.0637602370852624,-0.16953125,31.0,,39.594735690951346
9.869999885559082,1.5330250263214111,1.826147198677063,3.06492509041084,-0.175,32.0,,47.09454972445965
9.880000114440918,1.5182528495788574,1.7993143796920776,3.063072997725696,-0.18046874999999998,33.0,,50
9.890000343322754,1.5042500495910645,1.7721295356750488,3.057974436954793,-0.18046874999999998,33.0,,46.24991416931152
9.899999618530273,1.4911683797836304,1.74454665184021,3.052782406702027,-0.18046874999999998,33.0,,42.5001859664917
9.90999984741211,1.4789342880249023,1.7166072130203247,3.0500608435878918,-0.18593749999999998,34.0,,46.250271797180176
9.920000076293945,1.4676547050476074,1.6883518695831299,3.042357230183626,-0.18593749999999998,34.0,,42.5001859664917
9.920000076293945,1.4572372436523438,1.6597286462783813,3.046001534876102,-0.18593749999999998,34.0,,42.5001859664917
9.9399995803833,1.4476832151412964,1.630878210067749,3.0391234890333307,-0.18593749999999998,34.0,,37.900074626505365
9.9399995803833,1.4390103816986084,1.6017953157424927,3.0348540796047065,-0.18593749999999998,34.0,,37.900074626505365
9.960000038146973,1.431278109550476,1.5724458694458008,3.035109902364272,-0.18593749999999998,34.0,,38.19014376550912
9.970000267028809,1.4245063066482544,1.5429404973983765,3.0272508234288167,-0.18593749999999998,34.0,,38.335178335011
9.979999542236328,1.4186673164367676,1.5132417678833008,3.0267284265001067,-0.18593749999999998,34.0,,38.48019907325506
9.989999771118164,1.413761019706726,1.483493447303772,3.0150284964354084,-0.18593749999999998,34.0,,38.62523364275693
9.989999771118164,1.4097628593444824,1.4538053274154663,2.9956379483870994,-0.18593749999999998,34.0,,38.62523364275693
9.989999771118164,1.4066705703735352,1.424207091331482,2.975951699320178,-0.18046874999999998,33.0,,38.62523364275693
10.010000228881836,1.4045161008834839,1.3946752548217773,2.961039461801288,-0.18046874999999998,33.0,,37.84036508649588
10.029999732971191,1.4032881259918213,1.365396499633789,2.9304495085793487,-0.18046874999999998,33.0,,38.12188935577869
10.039999961853027,1.4029154777526855,1.3363951444625854,2.900401493555171,-0.18046874999999998,33.0,,38.26265820264816
10.050000190734863,1.4035630226135254,1.3077869415283203,2.8615600034160624,-0.175,32.0,,34.512572371959685
10.050000190734863,1.4051710367202759,1.2796193361282349,2.821350245492003,-0.175,32.0,,34.512572371959685
10.069999694824219,1.40774667263031,1.251903772354126,2.783505117951587,-0.175,32.0,,37.60574830770493
10.079999923706055,1.4113062620162964,1.2244939804077148,2.764018873433706,-0.16953125,31.0,,33.85566247701645
10.079999923706055,1.415784239768982,1.1972616910934448,2.759807279268464,-0.1640625,30.0,,33.85566247701645
10.100000381469727,1.4212068319320679,1.17043936252594,2.7364994242187963,-0.15859374999999998,29.0,,26.3554908156395
10.109999656677246,1.4275472164154053,1.144038438796997,2.7151650653956962,-0.15312499999999998,28.0,,22.605762612819674
10.119999885559082,1.4347630739212036,1.117982029914856,2.7037432794558773,-0.14765625,27.0,,18.855676782131198
10.119999885559082,1.442863941192627,1.0920206308364868,2.719774140294772,-0.1421875,26.0,,18.855676782131198
10.140000343322754,1.4519109725952148,1.0662859678268433,2.7279967534777465,-0.13671875,25.0,,11.355505120754245
10.140000343322754,1.4620094299316406,1.0409014225006104,2.7319650291921884,-0.13124999999999998,24.0,,11.355505120754245
10.15999984741211,1.4731125831604004,1.0157924890518188,2.745440292910186,-0.12578124999999998,23.0,,7.70319088727215
10.15999984741211,1.4851744174957275,0.9910199642181396,2.755310416517255,-0.12031249999999999,22.0,,7.70319088727215
10.180000305175781,1.4981896877288818,0.9664599895477295,2.779551155933777,-0.11484375,21.0,,5.750555744025137
10.180000305175781,1.5121910572052002,0.9421995282173157,2.8010860966531865,-0.109375,20.0,,5.750555744025137
10.199999809265137,1.526986002922058,0.9182193875312805,2.81769738457832,-0.10390624999999999,19.0,,3.778815968632437
10.210000038146973,1.5425598621368408,0.8943880200386047,2.8469022108277566,-0.0984375,18.0,,0.02873013794396062
10.220000267028809,1.558638572692871,0.8705880045890808,2.872252796520959,-0.09296874999999999,17.0,,-3.721355692744516
10.220000267028809,1.5750422477722168,0.8467130064964294,2.896742174312176,-0.07109375,13.0,,-3.721355692744516
10.239999771118164,1.5916123390197754,0.8226589560508728,2.9209455407837766,-0.0,,,-11.221169726252818
10.239999771118164,1.6081902980804443,0.7983300685882568,2.9440707882584753,0.06562499999999999,-12.0,,-11.221169726252818
10.260000228881836,1.6247541904449463,0.7737759351730347,2.9620263129395954,-0.0984375,18.0,,-3.7209980648758645
10.270000457763672,1.641147255897522,0.748859167098999,2.982709235035547,-0.10390624999999999,19.0,,0.029087765812612076
10.279999732971191,1.6573970317840576,0.7235834002494812,3.0050181916786665,-0.11484375,21.0,,3.7788159686324363
10.289999961853027,1.673506736755371,0.6979644894599915,3.0263697918988113,-0.12578124999999998,23.0,,7.528901799320913
10.289999961853027,1.6897014379501343,0.6721351146697998,3.048654297002986,-0.13671875,25.0,,7.528901799320913
10.289999961853027,1.7061067819595337,0.6461955904960632,3.069192768604411,-0.14765625,27.0,,7.528901799320913
10.319999694824219,1.7228007316589355,0.6201920509338379,3.090101652925669,-0.15859374999999998,29.0,,18.77880166351769
10.329999923706055,1.739915370941162,0.594228982925415,3.1096524660197375,-0.16953125,31.0,,22.528887494206167
10.34000015258789,1.7576955556869507,0.568463146686554,3.1305730642812377,-0.18046874999999998,33.0,,26.278973324894643
10.350000381469727,1.776233196258545,0.5430831909179688,3.1429605205640088,-0.19140625,35.0,,30.02905915558312
10.359999656677246,1.795584797859192,0.518261730670929,3.147384939991436,-0.196875,36.0,,33.778787358402944
10.359999656677246,1.8157292604446411,0.494086354970932,3.1468225979503015,-0.20234375,37.0,,33.778787358402944
10.380000114440918,1.8368231058120728,0.47082215547561646,3.140385154302071,-0.20781249999999998,38.0,,41.2789590197799
10.380000114440918,1.858837604522705,0.4482806921005249,3.150805634392071,-0.20781249999999998,38.0,,41.2789590197799
10.399999618530273,1.881583333015442,0.42648619413375854,3.150205623919878,-0.21328124999999998,39.0,,48.7787730532882
10.399999618530273,1.9051843881607056,0.40560677647590637,3.151130698497463,-0.20781249999999998,38.0,,48.7787730532882
10.420000076293945,1.9297049045562744,0.38568294048309326,3.1595117930511427,-0.20781249999999998,38.0,,47.868851186335085
10.430000305175781,1.955049753189087,0.3667669892311096,3.162610141798144,-0.20781249999999998,38.0,,48.030948646366596
10.4399995803833,1.9810577630996704,0.3486073315143585,3.1720515000482195,-0.20781249999999998,38.0,,48.19303064793348
10.4399995803833,2.007688283920288,0.3313312828540802,3.1743460725150117,-0.20781249999999998,38.0,,48.19303064793348
10.460000038146973,2.034902572631836,0.3151055574417114,3.1684269367170876,-0.20781249999999998,38.0,,48.5172255679965
10.470000267028809,2.062612533569336,0.2998078465461731,3.1652283323565475,-0.20781249999999998,38.0,,48.67932302802801
10.470000267028809,2.0907819271087646,0.2853821814060211,3.164841177432196,-0.20781249999999998,38.0,,48.67932302802801
10.489999771118164,2.119309663772583,0.27173104882240295,3.16257576219349,-0.20781249999999998,38.0,,49.003502489626406
10.489999771118164,2.1481285095214844,0.2591107487678528,3.1461224797245966,-0.20781249999999998,38.0,,49.003502489626406
10.510000228881836,2.1772799491882324,0.2473381906747818,3.1438919375887964,-0.20781249999999998,38.0,,49.32769740968942
10.520000457763672,2.206773042678833,0.23660241067409515,3.1386477198585703,-0.20781249999999998,38.0,,49.48979486972093
10.520000457763672,2.236501693725586,0.22678132355213165,3.1309290707235684,-0.20781249999999998,38.0,,49.48979486972093
10.539999961853027,2.266305446624756,0.21772873401641846,3.1148243968953295,-0.20781249999999998,38.0,,49.81397433131933
10.539999961853027,2.2958884239196777,0.20966729521751404,3.0661821762196015,-0.20781249999999998,38.0,,49.81397433131933
10.5600004196167,2.3251311779022217,0.20268946886062622,3.006433787997493,-0.20234375,37.0,,42.313802669942376
10.5600004196167,2.354133129119873,0.19670674204826355,2.9613461237677163,-0.20234375,37.0,,42.313802669942376
10.579999923706055,2.382955551147461,0.1916571706533432,2.9261981230794403,-0.20234375,37.0,,49.378879979252815
10.59000015258789,2.411557912826538,0.18750540912151337,2.890227342745612,-0.20234375,37.0,,49.536711716651915
10.59000015258789,2.4397807121276855,0.18420439958572388,2.8415282278222596,-0.20234375,37.0,,49.536711716651915
10.609999656677246,2.467651128768921,0.1817682981491089,2.797668206440481,-0.20234375,37.0,,49.852360139787194
10.619999885559082,2.4951107501983643,0.1802012026309967,2.750430152045566,-0.20234375,37.0,,50
10.630000114440918,2.5222697257995605,0.17956767976284027,2.7166381667798336,-0.20234375,37.0,,50
10.630000114440918,2.5488901138305664,0.17998875677585602,2.66241881339707,-0.19140625,35.0,,50.0
10.649999618530273,2.5750937461853027,0.18129277229309082,2.6236090283483198,-0.19140625,35.0,,48.33379746079444
10.65999984741211,2.6008265018463135,0.18347586691379547,2.582521700623097,-0.18593749999999998,34.0,,44.58371163010597
10.670000076293945,2.6260228157043457,0.18667243421077728,2.539828750525768,-0.18046874999999998,33.0,,40.83362579941749
10.680000305175781,2.6503875255584717,0.19126911461353302,2.4800258794193173,-0.16953125,31.0,,37.08353996872901
10.680000305175781,2.674349069595337,0.1966506987810135,2.4559363179098788,-0.1640625,30.0,,37.08353996872901
10.699999809265137,2.6978533267974854,0.20281368494033813,2.429882745130808,-0.15312499999999998,28.0,,29.583725935220713
10.699999809265137,2.7209789752960205,0.2098114788532257,2.416124231247715,-0.14765625,27.0,,29.583725935220713
10.720000267028809,2.74341082572937,0.21788527071475983,2.384059784744138,-0.13671875,25.0,,22.08355427384376
10.720000267028809,2.7651968002319336,0.22702544927597046,2.362580805989056,-0.12031249999999999,22.0,,22.08355427384376
10.739999771118164,2.7864632606506348,0.2371247112751007,2.354279780061373,-0.109375,20.0,,14.583740240335459
10.75,2.807314872741699,0.24811342358589172,2.356993176492843,-0.0984375,18.0,,10.833654409646982
10.75,2.827786922454834,0.2599964141845703,2.367125083504557,-0.0875,16.0,,10.833654409646982
10.770000457763672,2.8477635383605957,0.2729102373123169,2.3787231879750603,-0.07656249999999999,14.0,,3.333482748270029
10.770000457763672,2.867293119430542,0.28682973980903625,2.398245502532862,-0.06562499999999999,12.0,,3.333482748270029
10.789999961853027,2.8862814903259277,0.30162519216537476,2.4072410196364307,-0.0546875,10.0,,-4.166331285238272
10.789999961853027,2.9049031734466553,0.3173734247684479,2.438833885998818,-0.04375,8.0,,-4.166331285238272
10.8100004196167,2.9230422973632812,0.33399298787117004,2.4601610880439795,-0.032812499999999994,6.0,,-11.666502946615225
10.8100004196167,2.940950870513916,0.3512416183948517,2.4864443478974203,-0.021875,4.0,,-11.666502946615225
10.829999923706055,2.95881986618042,0.3688146770000458,2.5063634125864804,-0.016406249999999997,3.0,,-5.720724186003443
10.84000015258789,2.976762294769287,0.38665592670440674,2.5303688236303157,-0.0109375,2.0,,-9.47081001669192
10.850000381469727,2.9947946071624756,0.4046860933303833,2.550078112621677,-0.0109375,2.0,,-5.720724186003443
10.850000381469727,3.013071060180664,0.4227621257305145,2.5707167573356706,-0.00546875,1.0,,-5.720724186003443
10.869999885559082,3.031670570373535,0.4407729506492615,2.5894494606241945,-0.00546875,1.0,,1.7790898475048582
10.869999885559082,3.0506932735443115,0.45866748690605164,2.61184578194859,-0.00546875,1.0,,1.7790898475048582
10.890000343322754,3.0701663494110107,0.4763864278793335,2.632887748229351,-0.00546875,1.0,,9.279261508881811
10.890000343322754,3.090061664581299,0.49396729469299316,2.6550367275212015,-0.0109375,2.0,,9.279261508881811
10.90999984741211,3.1102781295776367,0.5115050077438354,2.676337548886526,-0.016406249999999997,3.0,,16.77907554239011
10.90999984741211,3.1306045055389404,0.5292585492134094,2.6988267258410596,-0.021875,4.0,,16.77907554239011
10.930000305175781,3.150841474533081,0.5474125146865845,2.7186460047001613,-0.02734375,5.0,,24.279247203767063
10.930000305175781,3.170916795730591,0.5659773349761963,2.734366673256195,-0.02734375,5.0,,24.279247203767063
10.949999809265137,3.190757989883423,0.585085391998291,2.7546392674714033,-0.032812499999999994,6.0,,31.779061237275364
10.960000038146973,3.210198163986206,0.6048506498336792,2.7723380958948924,-0.032812499999999994,6.0,,28.028975406586888
10.970000267028809,3.2289814949035645,0.6253952383995056,2.7837018512993428,-0.032812499999999994,6.0,,24.27888957589841
10.970000267028809,3.2470879554748535,0.6467486023902893,2.799666852453293,-0.032812499999999994,6.0,,24.27888957589841
10.989999771118164,3.264397144317627,0.6689207553863525,2.8128584482778547,-0.032812499999999994,6.0,,19.063085268437856
11.0,3.2808585166931152,0.691844642162323,2.8222021174253413,-0.032812499999999994,6.0,,19.088679604232304
11.010000228881836,3.296529769897461,0.71550053358078,2.837588378215284,-0.02734375,5.0,,15.338593773543828
11.020000457763672,3.31130313873291,0.739902675151825,2.8525795417093693,-0.021875,4.0,,11.588507942855351
11.020000457763672,3.3253116607666016,0.7650097608566284,2.875076211951056,-0.016406249999999997,3.0,,11.588507942855351
11.039999961853027,3.338545799255371,0.790712296962738,2.890962692861755,-0.016406249999999997,3.0,,15.953445473313327
11.050000190734863,3.3509790897369385,0.8170507550239563,2.912572712650999,-0.0109375,2.0,,12.20335964262485
11.050000190734863,3.362612724304199,0.8440107107162476,2.936291800913326,-0.00546875,1.0,,12.20335964262485
11.069999694824219,3.37351393699646,0.8714931607246399,2.956569834940283,-0.0,,,4.703545609116549
11.069999694824219,3.383575677871704,0.8995093703269958,2.976833423558829,0.00546875,-1.0,,4.703545609116549
11.09000015258789,3.3929696083068848,0.9280303716659546,3.002828209644585,0.00546875,-1.0,,11.687820473313327
11.09000015258789,3.4018218517303467,0.9569777846336365,3.0270700163187216,0.0109375,-2.0,,11.687820473313327
11.109999656677246,3.410320520401001,0.9862551093101501,3.0485950850405676,0.0109375,-2.0,,10.604352146387097
11.119999885559082,3.418491840362549,1.0158729553222656,3.0724454553401617,0.0109375,-2.0,,10.59582070112228
11.130000114440918,3.426156520843506,1.0458431243896484,3.0934827512043217,0.016406249999999997,-3.0,,6.8457348704338035
11.130000114440918,3.433253288269043,1.0761815309524536,3.1157394170109813,0.016406249999999997,-3.0,,6.8457348704338035
11.149999618530273,3.4396069049835205,1.1069170236587524,3.1385396755248207,0.021875,-4.0,,-0.6540791630744973
11.15999984741211,3.4453577995300293,1.1379802227020264,3.1591063361443688,0.021875,-4.0,,3.0960066676139792
11.170000076293945,3.450850009918213,1.169352412223816,3.1849352243914693,0.02734375,-5.0,,-0.6540791630744973
11.180000305175781,3.456117630004883,1.200991153717041,3.2074320475990996,0.02734375,-5.0,,3.0960066676139792
11.180000305175781,3.461207628250122,1.2328931093215942,3.230568836399035,0.02734375,-5.0,,3.0960066676139792
11.180000305175781,3.4662227630615234,1.2650411128997803,3.253684035301935,0.032812499999999994,-6.0,,3.0960066676139792
11.210000038146973,3.471284866333008,1.2974014282226562,3.275395914272565,0.032812499999999994,-6.0,,6.146773695945737
11.220000267028809,3.476320266723633,1.3299890756607056,3.2974502723002876,0.032812499999999994,-6.0,,6.121179360151287
11.220000267028809,3.4811675548553467,1.3628336191177368,3.3200344507613977,0.032812499999999994,-6.0,,6.121179360151287
11.239999771118164,3.4857239723205566,1.3959304094314575,3.3408959602363058,0.032812499999999994,-6.0,,6.069993129372594
11.25,3.4898557662963867,1.4292770624160767,3.360227617275912,0.038281249999999996,-7.0,,2.319907298684117
11.25,3.493537664413452,1.4628565311431885,3.3781265523771324,0.038281249999999996,-7.0,,2.319907298684117
11.270000457763672,3.4967293739318848,1.496640682220459,3.3935228830108883,0.04375,-8.0,,-5.180264362692836
11.270000457763672,3.4995079040527344,1.5305858850479126,3.4059123683277375,0.04375,-8.0,,-5.180264362692836
11.289999961853027,3.5020878314971924,1.5646939277648926,3.4205540139264783,0.04921875,-9.0,,-12.680078396201136
11.300000190734863,3.50473952293396,1.5989899635314941,3.439841201048691,0.04921875,-9.0,,-8.92999256551266
11.3100004196167,3.507797956466675,1.6334506273269653,3.4596133443838957,0.04921875,-9.0,,-5.179906734824183
11.3100004196167,3.5115575790405273,1.6678563356399536,3.461054172149539,0.04921875,-9.0,,-5.179906734824183
11.3100004196167,3.5160374641418457,1.702132225036621,3.456742656305071,0.04921875,-9.0,,-5.179906734824183
11.329999923706055,3.521124839782715,1.736349105834961,3.459306665153084,0.04375,-8.0,,2.319907298684118
11.350000381469727,3.526707172393799,1.7704920768737793,3.459633949718838,0.038281249999999996,-7.0,,9.820078960061071
11.359999656677246,3.5324630737304688,1.8046356439590454,3.462537358554432,0.032812499999999994,-6.0,,13.569807162880895
11.369999885559082,3.5380637645721436,1.8388481140136719,3.466788117315561,0.032812499999999994,-6.0,,9.819721332192419
11.369999885559082,3.5430898666381836,1.873181700706482,3.469956536872883,0.032812499999999994,-6.0,,9.819721332192419
11.380000114440918,3.54742431640625,1.9075649976730347,3.4655426231564417,0.032812499999999994,-6.0,,6.069635501503942
11.399999618530273,3.5510950088500977,1.942017674446106,3.4647671516326217,0.038281249999999996,-7.0,,-1.4301785320043585
11.40999984741211,3.554164409637451,1.9765123128890991,3.4630962489365236,0.038281249999999996,-7.0,,2.319907298684118
11.40999984741211,3.5566787719726562,2.0110692977905273,3.464839187251558,0.04375,-8.0,,2.319907298684118
11.430000305175781,3.5587711334228516,2.0456206798553467,3.461491870279964,0.04921875,-9.0,,-5.180264362692835
11.430000305175781,3.5605673789978027,2.080200672149658,3.4626796353270453,0.04921875,-9.0,,-5.180264362692835
11.430000305175781,3.5622377395629883,2.11480450630188,3.464412743322885,0.0546875,-10.0,,-5.180264362692835
11.449999809265137,3.5638084411621094,2.1494076251983643,3.4638768331528587,0.060156249999999994,-11.0,,-12.680078396201136
11.470000267028809,3.5654540061950684,2.184081554412842,3.4712966354304,0.060156249999999994,-11.0,,-5.179906734824183
11.470000267028809,3.567391872406006,2.218836784362793,3.4809215352119893,0.060156249999999994,-11.0,,-5.179906734824183
11.489999771118164,3.5697760581970215,2.2536096572875977,3.4854666189310772,0.060156249999999994,-11.0,,-0.16635016500949895
11.5,3.5726540088653564,2.288301467895508,3.4810980687523783,-0.02734375,5.0,,3.5837356656789776
11.5,3.576007604598999,2.3229713439941406,3.483174017449583,0.038281249999999996,-7.0,,3.5837356656789776
11.5,3.57963490486145,2.3576157093048096,3.4833791110534693,0.0546875,-10.0,,3.5837356656789776
11.529999732971191,3.5834386348724365,2.392273187637329,3.486567068812828,0.0546875,-10.0,,0.7934170871973016
11.539999961853027,3.587242603302002,2.426997184753418,3.4931735606677843,0.0546875,-10.0,,0.7507598608732202
11.539999961853027,3.590876817703247,2.461771011352539,3.4963245167012107,0.0546875,-10.0,,0.7507598608732202
11.5600004196167,3.5943126678466797,2.4965641498565674,3.4962406285486907,0.0546875,-10.0,,0.6654454082250574
11.569999694824219,3.597581624984741,2.5313706398010254,3.4959746891050765,0.0546875,-10.0,,0.6227922499179819
11.569999694824219,3.600756883621216,2.566225528717041,3.4999356716895416,0.0546875,-10.0,,0.6227922499179819
11.59000015258789,3.6038668155670166,2.601093053817749,3.5006051745134905,0.0546875,-10.0,,0.537477797269819
11.600000381469727,3.6069188117980957,2.635874032974243,3.491467535750581,0.060156249999999994,-11.0,,-3.2126080334186575
11.600000381469727,3.609985828399658,2.6706576347351074,3.4918556260388938,0.060156249999999994,-11.0,,-3.2126080334186575
11.600000381469727,3.6130502223968506,2.70548415184021,3.496109540052352,0.060156249999999994,-11.0,,-3.2126080334186575
11.619999885559082,3.6161203384399414,2.7403244972229004,3.4975421672834095,0.060156249999999994,-11.0,,-0.6696928247809399
11.640000343322754,3.619262933731079,2.775193691253662,3.501058900268427,0.060156249999999994,-11.0,,-0.7635387226939176
11.640000343322754,3.622614860534668,2.810081720352173,3.504870061793924,0.060156249999999994,-11.0,,-0.7635387226939176
11.640000343322754,3.6261160373687744,2.844945192337036,3.5038954250656245,0.060156249999999994,-11.0,,-0.7635387226939176
11.65999984741211,3.62975811958313,2.879750967025757,3.4995885239867244,0.060156249999999994,-11.0,,-0.8573801457881896
11.680000305175781,3.6334116458892822,2.9145257472991943,3.4966177922743267,0.060156249999999994,-11.0,,-0.951226043701169
11.680000305175781,3.637096405029297,2.9492909908294678,3.495999000925176,0.060156249999999994,-11.0,,-0.951226043701169
11.680000305175781,3.640782117843628,2.984053134918213,3.4956989927217204,0.0546875,-10.0,,-0.951226043701169
11.710000038146973,3.644498348236084,3.018796443939209,3.4941510297488345,0.0546875,-10.0,,-0.012787404656409151
11.720000267028809,3.6482675075531006,3.053525447845459,3.4933041893242125,0.0546875,-10.0,,-0.05544463098049057
11.729999542236328,3.6520934104919434,3.0882933139801025,3.497790516339291,0.0546875,-10.0,,-0.09809778928756607
11.729999542236328,3.6559672355651855,3.1230897903442383,3.5011446796599044,0.0546875,-10.0,,-0.09809778928756607
11.75,3.6598753929138184,3.1579184532165527,3.5047250701852177,0.0546875,-10.0,,-0.18341224193572891
11.75,3.6637930870056152,3.1927247047424316,3.502605681091929,0.0546875,-10.0,,-0.18341224193572891
11.770000457763672,3.6676976680755615,3.2275092601776123,3.5003018859946406,0.0546875,-10.0,,-0.26872669458389176
11.779999732971191,3.671626567840576,3.2622740268707275,3.498607418618625,0.0546875,-10.0,,-0.31137985289096726
11.789999961853027,3.675577163696289,3.296980381011963,3.493050004186071,0.0546875,-10.0,,-0.3540370792150487
11.789999961853027,3.6795499324798584,3.331681966781616,3.4928331973875246,0.0546875,-10.0,,-0.3540370792150487
11.8100004196167,3.6835079193115234,3.3663973808288574,3.4940393921955915,0.0546875,-10.0,,-0.4393515318632115
11.8100004196167,3.6874563694000244,3.4011995792388916,3.5025466069817206,0.04921875,-9.0,,-0.4393515318632115
11.829999923706055,3.691382884979248,3.436016798019409,3.503792587313159,-0.0,,,7.060462501645089
11.829999923706055,3.695329427719116,3.4708337783813477,3.5039939414972934,0.04921875,-9.0,,7.060462501645089
11.850000381469727,3.6993348598480225,3.505634069442749,3.5030040677367076,0.04921875,-9.0,,0.5502717107534423
11.859999656677246,3.703216552734375,3.540510892868042,3.509217129281216,0.04921875,-9.0,,0.5118838682770743
11.859999656677246,3.7068099975585938,3.5753653049468994,3.503917852374986,0.0546875,-10.0,,0.5118838682770743
11.880000114440918,3.7101213932037354,3.6102194786071777,3.5011126701938875,0.0546875,-10.0,,-0.6398368343710885
11.880000114440918,3.7134063243865967,3.6450397968292236,3.4974929077525965,0.0546875,-10.0,,-0.6398368343710885
11.899999618530273,3.7167179584503174,3.679847478866577,3.4964921507032027,0.0546875,-10.0,,-0.7251472190022454
11.899999618530273,3.7201039791107178,3.7146522998809814,3.496913953058185,0.0546875,-10.0,,-0.7251472190022454
11.920000076293945,3.723633289337158,3.749453544616699,3.4979780141666312,0.0546875,-10.0,,-0.8104616716504083
11.930000305175781,3.727219820022583,3.7842214107513428,3.495238823806967,0.0546875,-10.0,,-0.8531188979744897
11.930000305175781,3.7308290004730225,3.819011688232422,3.4977024239159555,0.0546875,-10.0,,-0.8531188979744897
11.949999809265137,3.7344553470611572,3.853804349899292,3.498113343581452,0.0546875,-10.0,,-0.9384292826056466
11.960000038146973,3.738116502761841,3.888519763946533,3.4907937752529774,0.0546875,-10.0,,-0.981086508929728
11.960000038146973,3.7417094707489014,3.9232869148254395,3.495239601686389,0.0546875,-10.0,,-0.981086508929728
11.960000038146973,3.7453255653381348,3.9580554962158203,3.4956143629300116,0.0546875,-10.0,,-0.981086508929728
11.989999771118164,3.7489964962005615,3.992889642715454,3.5027152027600623,0.0546875,-10.0,,-1.1090541198849664
12.0,3.752753973007202,4.027718544006348,3.503120220134444,0.0546875,-10.0,,-1.1517113462090478
12.0,3.756685495376587,4.062526226043701,3.502904254689746,0.0546875,-10.0,,-1.1517113462090478
12.020000457763672,3.760671615600586,4.097318649291992,3.502019408554619,0.0546875,-10.0,,-1.2370257988572106
12.029999732971191,3.764763593673706,4.132080554962158,3.5002055138882313,0.04921875,-9.0,,2.5127024039626136
12.029999732971191,3.7689554691314697,4.166787147521973,3.495882841305626,0.04921875,-9.0,,2.5127024039626136
12.050000190734863,3.7732677459716797,4.20148229598999,3.496213058616106,0.04921875,-9.0,,-0.2857903987169248
12.050000190734863,3.777519941329956,4.236166477203369,3.4943869587472136,0.04921875,-9.0,,-0.2857903987169248
12.069999694824219,3.781602144241333,4.2709059715271,3.4978520975644902,0.04921875,-9.0,,-0.36256974488496674
12.079999923706055,3.785609722137451,4.305647850036621,3.4972262046698677,0.04921875,-9.0,,-0.4009612485766407
12.079999923706055,3.7896151542663574,4.340391635894775,3.4973939032043972,0.04921875,-9.0,,-0.4009612485766407
12.100000381469727,3.7936313152313232,4.3751220703125,3.4961875162856226,0.04921875,-9.0,,-0.47774425595998693
12.109999656677246,3.797670364379883,4.4098310470581055,3.4943227181154666,-0.038281249999999996,7.0,,3.2719839468598373
12.109999656677246,3.8017640113830566,4.444549560546875,3.4959039706594006,0.032812499999999994,-6.0,,3.2719839468598373
12.130000114440918,3.805901288986206,4.479275703430176,3.497176944729546,0.04375,-8.0,,-4.228187714517116
12.140000343322754,3.8100268840789795,4.514001846313477,3.4970364396352154,0.04375,-8.0,,-0.4781018838286393
12.149999618530273,3.8142411708831787,4.548703670501709,3.4956890439542487,0.04375,-8.0,,0.4820193350315112
12.15999984741211,3.8186256885528564,4.583407402038574,3.4979721144067066,0.04921875,-9.0,,-3.2680664956569654
12.170000076293945,3.8230972290039062,4.618120193481445,3.5000006392995577,0.04921875,-9.0,,-0.6611699223518368
12.170000076293945,3.827587604522705,4.65284538269043,3.5014394414990253,0.0546875,-10.0,,-0.6611699223518368
12.1899995803833,3.832118272781372,4.68757963180542,3.502852960604946,0.0546875,-10.0,,-1.8128865569829937
12.1899995803833,3.8366878032684326,4.722324848175049,3.5044419762188923,0.060156249999999994,-11.0,,-1.8128865569829937
12.210000038146973,3.8413808345794678,4.757040500640869,3.5031507946795832,0.06562499999999999,-12.0,,-9.313058218359947
12.220000267028809,3.846202850341797,4.791781425476074,3.507398210220371,0.07109375,-13.0,,-13.063144049048423
12.220000267028809,3.851409912109375,4.826395034790039,3.5003077695747025,0.07656249999999999,-14.0,,-13.063144049048423
12.239999771118164,3.8571603298187256,4.860867500305176,3.4948904601893065,0.0875,-16.0,,-20.562958082556726
12.25,3.863537311553955,4.895201683044434,3.4921658788029486,0.09296874999999999,-17.0,,-24.313043913245203
12.25,3.870659589767456,4.92930793762207,3.4842068106547366,0.0984375,-18.0,,-24.313043913245203
12.270000457763672,3.878446102142334,4.963171482086182,3.4747254989322185,0.10390624999999999,-19.0,,-31.813215574622156
12.270000457763672,3.887103319168091,4.9967193603515625,3.464696850887826,0.10390624999999999,-19.0,,-31.813215574622156
12.289999961853027,3.896559476852417,5.0298004150390625,3.440605304302979,0.109375,-20.0,,-34.50516677916076
12.300000190734863,3.906902313232422,5.062285423278809,3.409186361342749,0.11484375,-21.0,,-38.25525260984924
12.300000190734863,3.9184303283691406,5.093924522399902,3.367409389212602,0.11484375,-21.0,,-38.25525260984924
12.319999694824219,3.9307608604431152,5.125149250030518,3.3571417538192665,0.11484375,-21.0,,-30.755438576340936
12.319999694824219,3.9441335201263428,5.155560493469238,3.3221556639201104,0.11484375,-21.0,,-30.755438576340936
12.34000015258789,3.958536148071289,5.185259819030762,3.3007439917069235,0.109375,-20.0,,-23.255266914963983
12.350000381469727,3.9740192890167236,5.214282989501953,3.289536679625459,0.10390624999999999,-19.0,,-19.505181084275506
12.350000381469727,3.9902260303497314,5.2428178787231445,3.281616199295485,0.10390624999999999,-19.0,,-19.505181084275506
12.369999885559082,4.007345199584961,5.270566940307617,3.2604916487297277,0.0984375,-18.0,,-12.005367050767205
12.380000114440918,4.0252885818481445,5.297633171081543,3.2473965788207066,0.0984375,-18.0,,-11.794451741874216
12.380000114440918,4.044071674346924,5.323909759521484,3.2300606125000844,0.09296874999999999,-17.0,,-11.794451741874216
12.399999618530273,4.063639163970947,5.349504470825195,3.222022265916284,0.0875,-16.0,,-4.294637708365915
12.399999618530273,4.084298610687256,5.374340057373047,3.2307322464310917,0.08203125,-15.0,,-4.294637708365915
12.420000076293945,4.1055827140808105,5.3985066413879395,3.2208704445674066,0.08203125,-15.0,,-8.85970128625631
12.430000305175781,4.127888202667236,5.421505928039551,3.2039330229738763,0.07656249999999999,-14.0,,-5.109615455567834
12.4399995803833,4.151196002960205,5.443589210510254,3.2108243332634463,0.07109375,-13.0,,-1.3598872527480097
12.4399995803833,4.175533294677734,5.464744567871094,3.22468193632449,0.07109375,-13.0,,-1.3598872527480097
12.460000038146973,4.200965404510498,5.484842777252197,3.2415319855380593,0.06562499999999999,-12.0,,6.140284408628943
12.470000267028809,4.227189540863037,5.50409460067749,3.253213427655849,0.06562499999999999,-12.0,,2.390198577940467
12.470000267028809,4.254202365875244,5.5226006507873535,3.2744033083142305,0.06562499999999999,-12.0,,2.390198577940467
12.489999771118164,4.28173828125,5.540752410888672,3.2980499920852187,0.07109375,-13.0,,-5.109615455567834
12.5,4.3096442222595215,5.558760643005371,3.3212020699225437,0.07109375,-13.0,,-7.1619819179177275
12.510000228881836,4.337803840637207,5.576747894287109,3.341433191161087,0.07656249999999999,-14.0,,-10.912067748606205
12.510000228881836,4.366315841674805,5.594550609588623,3.3613609726902274,0.08203125,-15.0,,-10.912067748606205
12.529999732971191,4.395301342010498,5.611903190612793,3.3782815097547196,0.0875,-16.0,,-18.411881782114506
12.539999961853027,4.42462158203125,5.628814697265625,3.3847916038921015,0.09296874999999999,-17.0,,-22.161967612802982
12.539999961853027,4.454345226287842,5.645129203796387,3.390664192387899,0.0984375,-18.0,,-22.161967612802982
12.5600004196167,4.484498023986816,5.660552978515625,3.386871612131634,0.10390624999999999,-19.0,,-29.662139274179935
12.5600004196167,4.5150227546691895,5.675119400024414,3.3822303499509427,0.109375,-20.0,,-29.662139274179935
12.579999923706055,4.545834064483643,5.688919544219971,3.376069914496283,0.06562499999999999,-12.0,,-22.162325240671635
12.59000015258789,4.576921463012695,5.701891899108887,3.3685585463370162,0.02734375,-5.0,,-18.412239409983158
12.59000015258789,4.608273506164551,5.7139716148376465,3.359883674199177,-0.016406249999999997,3.0,,-18.412239409983158
12.609999656677246,4.639888286590576,5.725148677825928,3.353321830677277,-0.0546875,10.0,,-10.912425376474857
12.609999656677246,4.6717424392700195,5.735488414764404,3.3490848104568163,-0.0984375,18.0,,-10.912425376474857
12.630000114440918,4.703826904296875,5.745116710662842,3.349816329385914,0.13124999999999998,-24.0,,-18.41259703785181
12.630000114440918,4.736082077026367,5.753946781158447,3.3441991247079197,0.13671875,-25.0,,-18.41259703785181
12.649999618530273,4.768447399139404,5.761946201324463,3.333923813280383,0.1421875,-26.0,,-25.91241107136011
12.65999984741211,4.800954818725586,5.769129753112793,3.3291677619854316,0.1421875,-26.0,,-22.162325240671635
12.65999984741211,4.833544731140137,5.775413990020752,3.3190310316389495,0.14765625,-27.0,,-22.162325240671635
12.680000305175781,4.8661909103393555,5.780795574188232,3.3086979552432454,0.15312499999999998,-28.0,,-29.662496902048588
12.6899995803833,4.898885250091553,5.785356521606445,3.3011098604074753,0.15859374999999998,-29.0,,-33.41222510486841
12.699999809265137,4.931551933288574,5.789076805114746,3.28783733872598,0.1640625,-30.0,,-37.16231093555689
12.699999809265137,4.964178562164307,5.791998863220215,3.275750858164631,0.16953125,-31.0,,-37.16231093555689
12.720000267028809,4.996703624725342,5.7941575050354,3.2596750881815275,0.16953125,-31.0,,-29.662139274179935
12.729999542236328,5.029101371765137,5.795477867126465,3.2424641850789038,0.175,-32.0,,-33.41186747699976
12.729999542236328,5.061222076416016,5.795909404754639,3.2123731227049603,0.18046874999999998,-33.0,,-33.41186747699976
12.75,5.093021869659424,5.795370101928711,3.1804774974497327,0.18593749999999998,-34.0,,-40.91203913837671
12